"sp0","bec_zone","bole","branches","bark","foliage","total"
"AC","AT",0.5351,0.1281,0.0768,0.0123,0.7523
"AC","BG",0.4803,0.1148,0.0711,0.0115,0.6777
"AC","BWBS",0.4378,0.062,0.0607,0.0062,0.5667
"AC","CDF",0.3287,0.0787,0.0472,0.0076,0.4622
"AC","CWH",0.484,0.1158,0.0694,0.0111,0.6803
"AC","ESSF",0.5412,0.1295,0.0776,0.0125,0.7608
"AC","ICH",0.5295,0.1267,0.0759,0.0122,0.7443
"AC","IDF",0.4656,0.1114,0.0668,0.0107,0.6545
"AC","MH",0.5016,0.12,0.0719,0.0115,0.705
"AC","MS",0.4845,0.1159,0.0695,0.0112,0.6811
"AC","PP",0.4652,0.1113,0.0667,0.0107,0.6539
"AC","SBPS",0.4805,0.115,0.0689,0.0111,0.6755
"AC","SBS",0.5308,0.127,0.0761,0.0122,0.7461
"AC","SWB",0.4599,0.1512,0.0971,0.0199,0.7281
"AT","AT",0.4559,0.0781,0.1,0.016,0.65
"AT","BG",0.4165,0.0714,0.0914,0.0146,0.5939
"AT","BWBS",0.3988,0.0351,0.0887,0.0064,0.529
"AT","CDF",0.4411,0.0718,0.0954,0.0145,0.6228
"AT","CWH",0.4327,0.0784,0.0893,0.016,0.6164
"AT","ESSF",0.4631,0.0794,0.1016,0.0162,0.6603
"AT","ICH",0.4389,0.0769,0.0952,0.0157,0.6267
"AT","IDF",0.4549,0.078,0.0998,0.0159,0.6486
"AT","MH",0.4411,0.0718,0.0954,0.0145,0.6228
"AT","MS",0.4377,0.075,0.096,0.0153,0.624
"AT","PP",0.4645,0.0796,0.1019,0.0163,0.6623
"AT","SBPS",0.4544,0.0779,0.0997,0.0159,0.6479
"AT","SBS",0.4541,0.0778,0.0996,0.0159,0.6474
"AT","SWB",0.4214,0.054,0.0812,0.0102,0.5668
"B","AT",0.4024,0.0958,0.055,0.0898,0.643
"B","BG",0.3752,0.0842,0.0532,0.0785,0.5911
"B","BWBS",0.3611,0.0565,0.0618,0.0453,0.5247
"B","CDF",0.3229,0.041,0.05,0.0404,0.4543
"B","CWH",0.3803,0.074,0.0491,0.0744,0.5778
"B","ESSF",0.3882,0.0943,0.0531,0.0874,0.623
"B","ICH",0.3937,0.089,0.0528,0.0835,0.619
"B","IDF",0.3636,0.0969,0.0511,0.0844,0.596
"B","MH",0.3916,0.0765,0.0505,0.0761,0.5947
"B","MS",0.378,0.114,0.0553,0.0976,0.6449
"B","PP",0.3507,0.0842,0.0483,0.09,0.5732
"B","SBPS",0.3855,0.1021,0.0547,0.107,0.6493
"B","SBS",0.3856,0.0957,0.0531,0.0878,0.6222
"B","SWB",0.3741,0.0747,0.0564,0.0563,0.5615
"C","AT",0.2265,0.0498,0.0306,0.0269,0.3338
"C","BG",0.3001,0.0691,0.0408,0.0424,0.4524
"C","BWBS",0.3001,0.0691,0.0408,0.0424,0.4524
"C","CDF",0.2662,0.0536,0.0358,0.0306,0.3862
"C","CWH",0.3173,0.0667,0.0423,0.0342,0.4605
"C","ESSF",0.3028,0.0663,0.0404,0.0329,0.4424
"C","ICH",0.3233,0.0662,0.0431,0.0349,0.4675
"C","IDF",0.2867,0.0604,0.039,0.0355,0.4216
"C","MH",0.3073,0.0672,0.0409,0.0326,0.448
"C","MS",0.2713,0.0566,0.0362,0.0295,0.3936
"C","PP",0.4501,0.1487,0.0665,0.1435,0.8088
"C","SBPS",0.2661,0.0684,0.0367,0.0362,0.4074
"C","SBS",0.2836,0.0568,0.0376,0.0294,0.4074
"C","SWB",0.3001,0.0691,0.0408,0.0424,0.4524
"D","AT",0.4408,0.3486,0.0592,0.1319,0.9805
"D","BG",0.4408,0.3486,0.0592,0.1319,0.9805
"D","BWBS",0.4197,0.7379,0.0323,0.1284,1.3183
"D","CDF",0.436,0.0768,0.0645,0.0373,0.6146
"D","CWH",0.4534,0.0812,0.067,0.0389,0.6405
"D","ESSF",0.3975,0.502,0.0638,0.384,1.3473
"D","ICH",0.4753,0.1299,0.0682,0.0489,0.7223
"D","IDF",0.4239,0.0957,0.0615,0.0385,0.6196
"D","MH",0.4962,0.0754,0.0741,0.0412,0.6869
"D","MS",0.4281,0.7003,0.0362,0.1348,1.2994
"D","PP",0.4408,0.3486,0.0592,0.1319,0.9805
"D","SBPS",0.4712,0.3993,0.0876,0.3042,1.2623
"D","SBS",0.4069,0.6871,0.0364,0.163,1.2934
"D","SWB",0.4408,0.3486,0.0592,0.1319,0.9805
"E","AT",0.5978,0.1571,0.1004,0.0293,0.8846
"E","BG",0.5506,0.1313,0.094,0.0344,0.8103
"E","BWBS",0.5351,0.0957,0.0916,0.0235,0.7459
"E","CDF",0.5989,0.0774,0.1425,0.0373,0.8561
"E","CWH",0.5188,0.1353,0.0886,0.0315,0.7742
"E","ESSF",0.5755,0.1522,0.0986,0.0368,0.8631
"E","ICH",0.5216,0.1366,0.0848,0.0321,0.7751
"E","IDF",0.5231,0.1372,0.0839,0.0339,0.7781
"E","MH",0.5448,0.1427,0.0853,0.0388,0.8116
"E","MS",0.5412,0.1408,0.0892,0.032,0.8032
"E","PP",0.4923,0.1286,0.0741,0.041,0.736
"E","SBPS",0.5249,0.1375,0.0837,0.0347,0.7808
"E","SBS",0.5482,0.1426,0.09,0.0349,0.8157
"E","SWB",0.6358,0.1237,0.1097,0.0413,0.9105
"F","AT",0.3785,0.1059,0.0776,0.0328,0.5948
"F","BG",0.4066,0.1205,0.0755,0.0536,0.6562
"F","BWBS",0.483,0.2037,0.0637,0.1249,0.8753
"F","CDF",0.4812,0.0456,0.0727,0.0218,0.6213
"F","CWH",0.5135,0.041,0.0727,0.017,0.6442
"F","ESSF",0.3804,0.1082,0.076,0.0374,0.602
"F","ICH",0.3585,0.1032,0.0702,0.0388,0.5707
"F","IDF",0.3699,0.1063,0.0725,0.0397,0.5884
"F","MH",0.546,0.0388,0.0743,0.0141,0.6732
"F","MS",0.382,0.1101,0.0746,0.0416,0.6083
"F","PP",0.4032,0.1197,0.0746,0.0538,0.6513
"F","SBPS",0.386,0.1107,0.076,0.0408,0.6135
"F","SBS",0.3645,0.105,0.0713,0.0396,0.5804
"F","SWB",0.4195,0.1014,0.0732,0.0428,0.6369
"H","AT",0.4717,0.0669,0.0751,0.0322,0.6459
"H","BG",0.43,0.0654,0.0615,0.0293,0.5862
"H","BWBS",0.43,0.0654,0.0615,0.0293,0.5862
"H","CDF",0.3901,0.0996,0.0615,0.0506,0.6018
"H","CWH",0.4052,0.0517,0.0548,0.0212,0.5329
"H","ESSF",0.431,0.0591,0.0599,0.0252,0.5752
"H","ICH",0.4302,0.0635,0.0596,0.0278,0.5811
"H","IDF",0.4193,0.0565,0.0571,0.0238,0.5567
"H","MH",0.4792,0.0603,0.0674,0.0249,0.6318
"H","MS",0.4262,0.0667,0.0597,0.0298,0.5824
"H","PP",0.43,0.0654,0.0615,0.0293,0.5862
"H","SBPS",0.43,0.0654,0.0615,0.0293,0.5862
"H","SBS",0.4172,0.0642,0.0582,0.0285,0.5681
"H","SWB",0.43,0.0654,0.0615,0.0293,0.5862
"L","AT",0.4407,0.0268,0.054,0.009,0.5305
"L","BG",0.473,0.0366,0.058,0.0135,0.5811
"L","BWBS",0.4342,0.0662,0.0543,0.027,0.5817
"L","CDF",0.473,0.0366,0.058,0.0135,0.5811
"L","CWH",0.5278,0.0377,0.0612,0.013,0.6397
"L","ESSF",0.4677,0.0172,0.0641,0.0054,0.5544
"L","ICH",0.4406,0.0187,0.0579,0.0062,0.5234
"L","IDF",0.4689,0.022,0.0597,0.0075,0.5581
"L","MH",0.473,0.0366,0.058,0.0135,0.5811
"L","MS",0.4738,0.0186,0.0633,0.006,0.5617
"L","PP",0.5,0.0284,0.0524,0.0106,0.5914
"L","SBPS",0.473,0.0366,0.058,0.0135,0.5811
"L","SBS",0.4782,0.0282,0.0603,0.0094,0.5761
"L","SWB",0.4983,0.1022,0.053,0.0408,0.6943
"MB","AT",0.49,0.0813,0.0822,0.0217,0.6752
"MB","BG",0.49,0.0813,0.0822,0.0217,0.6752
"MB","BWBS",0.49,0.0813,0.0822,0.0217,0.6752
"MB","CDF",0.4299,0.092,0.0756,0.0069,0.6044
"MB","CWH",0.5187,0.0778,0.0973,0.0057,0.6995
"MB","ESSF",0.4328,0.0546,0.0726,0.0322,0.5922
"MB","ICH",0.5849,0.1082,0.0845,0.0292,0.8068
"MB","IDF",0.5237,0.0935,0.0981,0.0195,0.7348
"MB","MH",0.49,0.0813,0.0822,0.0217,0.6752
"MB","MS",0.5032,0.0838,0.0759,0.0284,0.6913
"MB","PP",0.49,0.0813,0.0822,0.0217,0.6752
"MB","SBPS",0.49,0.0813,0.0822,0.0217,0.6752
"MB","SBS",0.4371,0.059,0.0714,0.0304,0.5979
"MB","SWB",0.49,0.0813,0.0822,0.0217,0.6752
"PA","AT",0.3252,0.0671,0.0476,0.0218,0.4617
"PA","BG",0.3239,0.0668,0.0474,0.0218,0.4599
"PA","BWBS",0.3239,0.0668,0.0474,0.0218,0.4599
"PA","CDF",0.3239,0.0668,0.0474,0.0218,0.4599
"PA","CWH",0.3308,0.0683,0.0484,0.0222,0.4697
"PA","ESSF",0.3168,0.0654,0.0464,0.0213,0.4499
"PA","ICH",0.336,0.0693,0.0492,0.0226,0.4771
"PA","IDF",0.317,0.0654,0.0464,0.0213,0.4501
"PA","MH",0.3502,0.0723,0.0512,0.0235,0.4972
"PA","MS",0.2944,0.0608,0.0431,0.0198,0.4181
"PA","PP",0.3239,0.0668,0.0474,0.0218,0.4599
"PA","SBPS",0.3239,0.0668,0.0474,0.0218,0.4599
"PA","SBS",0.321,0.0662,0.047,0.0216,0.4558
"PA","SWB",0.3239,0.0668,0.0474,0.0218,0.4599
"PL","AT",0.4963,0.0549,0.0494,0.0489,0.6495
"PL","BG",0.4297,0.048,0.0427,0.0413,0.5617
"PL","BWBS",0.4152,0.0338,0.0371,0.0219,0.508
"PL","CDF",0.4249,0.047,0.0423,0.0422,0.5564
"PL","CWH",0.4562,0.0505,0.0455,0.0455,0.5977
"PL","ESSF",0.4398,0.0487,0.0438,0.0437,0.576
"PL","ICH",0.4286,0.0475,0.0428,0.043,0.5619
"PL","IDF",0.4161,0.0464,0.0419,0.0433,0.5477
"PL","MH",0.4624,0.0512,0.046,0.0458,0.6054
"PL","MS",0.4038,0.0449,0.0405,0.0411,0.5303
"PL","PP",0.4197,0.0473,0.0429,0.0462,0.5561
"PL","SBPS",0.3932,0.0439,0.0397,0.0412,0.518
"PL","SBS",0.4429,0.0489,0.044,0.0435,0.5793
"PL","SWB",0.3868,0.059,0.0396,0.0302,0.5156
"PW","AT",0.3874,0.0788,0.0387,0.04,0.5449
"PW","BG",0.4021,0.0691,0.0388,0.0309,0.5409
"PW","BWBS",0.4021,0.0691,0.0388,0.0309,0.5409
"PW","CDF",0.3808,0.0611,0.0363,0.0257,0.5039
"PW","CWH",0.4228,0.063,0.0398,0.0245,0.5501
"PW","ESSF",0.4063,0.0666,0.0389,0.0286,0.5404
"PW","ICH",0.3856,0.0674,0.0373,0.0306,0.5209
"PW","IDF",0.3846,0.0622,0.0367,0.0263,0.5098
"PW","MH",0.4325,0.0744,0.0417,0.0333,0.5819
"PW","MS",0.3696,0.0814,0.0376,0.0434,0.532
"PW","PP",0.4439,0.067,0.0418,0.0264,0.5791
"PW","SBPS",0.4021,0.0691,0.0388,0.0309,0.5409
"PW","SBS",0.4075,0.0689,0.0392,0.0304,0.546
"PW","SWB",0.4021,0.0691,0.0388,0.0309,0.5409
"PY","AT",0.376,0.1809,0.0873,0.06,0.7042
"PY","BG",0.4016,0.2332,0.0836,0.0858,0.8042
"PY","BWBS",0.376,0.1809,0.0873,0.06,0.7042
"PY","CDF",0.376,0.1809,0.0873,0.06,0.7042
"PY","CWH",0.3709,0.0765,0.0543,0.0249,0.5266
"PY","ESSF",0.3212,0.1547,0.0668,0.0523,0.595
"PY","ICH",0.3604,0.1383,0.0836,0.0411,0.6234
"PY","IDF",0.3838,0.2503,0.1479,0.0744,0.8564
"PY","MH",0.376,0.1809,0.0873,0.06,0.7042
"PY","MS",0.422,0.1981,0.0852,0.0677,0.773
"PY","PP",0.3719,0.2152,0.0895,0.0739,0.7505
"PY","SBPS",0.376,0.1809,0.0873,0.06,0.7042
"PY","SBS",0.376,0.1809,0.0873,0.06,0.7042
"PY","SWB",0.376,0.1809,0.0873,0.06,0.7042
"S","AT",0.3907,0.071,0.0419,0.0359,0.5395
"S","BG",0.3884,0.0715,0.0444,0.0458,0.5501
"S","BWBS",0.3617,0.0341,0.0448,0.0336,0.4742
"S","CDF",0.3937,0.0782,0.0429,0.0709,0.5857
"S","CWH",0.4277,0.0761,0.0451,0.0573,0.6062
"S","ESSF",0.3852,0.0662,0.0406,0.0333,0.5253
"S","ICH",0.3917,0.067,0.0413,0.0334,0.5334
"S","IDF",0.3734,0.0794,0.0424,0.0445,0.5397
"S","MH",0.446,0.0786,0.047,0.0576,0.6292
"S","MS",0.368,0.0683,0.04,0.0369,0.5132
"S","PP",0.366,0.0586,0.0395,0.0426,0.5067
"S","SBPS",0.3789,0.098,0.0464,0.0579,0.5812
"S","SBS",0.3815,0.0757,0.0421,0.04,0.5393
"S","SWB",0.3849,0.0777,0.0632,0.052,0.5778
"Y","AT",0.6412,0.0464,0.0404,0.0348,0.7628
"Y","BG",0.5204,0.0624,0.0418,0.0563,0.6809
"Y","BWBS",0.5204,0.0624,0.0418,0.0563,0.6809
"Y","CDF",0.4159,0.0713,0.0413,0.0693,0.5978
"Y","CWH",0.5936,0.0397,0.0362,0.0276,0.6971
"Y","ESSF",0.5176,0.0483,0.0366,0.0417,0.6442
"Y","ICH",0.5204,0.0624,0.0418,0.0563,0.6809
"Y","IDF",0.341,0.1283,0.0595,0.1368,0.6656
"Y","MH",0.6132,0.0404,0.0371,0.0278,0.7185
"Y","MS",0.5204,0.0624,0.0418,0.0563,0.6809
"Y","PP",0.5204,0.0624,0.0418,0.0563,0.6809
"Y","SBPS",0.5204,0.0624,0.0418,0.0563,0.6809
"Y","SBS",0.5204,0.0624,0.0418,0.0563,0.6809
"Y","SWB",0.5204,0.0624,0.0418,0.0563,0.6809
